{"charts/episodic_ingame_score": 100, "_timestamp": 1666594480.123131, "_runtime": 70.31308007240295, "_step": 32768, "charts/learning_rate": 0.00025, "losses/value_loss": 73.64867401123047, "losses/policy_loss": 0.008824458345770836, "losses/entropy": 1.9336292743682861, "losses/old_approx_kl": 0.009381456300616264, "losses/approx_kl": 0.009381456300616264, "losses/clipfrac": 0.0580841064453125, "losses/explained_variance": 0.004028618335723877, "charts/SPS": 513, "_wandb": {"runtime": 73}}