{"charts/episodic_ingame_score": 100, "_timestamp": 1666593719.0195904, "_runtime": 53.622350454330444, "_step": 25216, "_wandb": {"runtime": 53}}