{"charts/learning_rate": 0.00025, "losses/value_loss": 66.91580963134766, "losses/policy_loss": -0.007329240441322327, "losses/entropy": 1.935050368309021, "losses/old_approx_kl": 0.013380949385464191, "losses/approx_kl": 0.013380949385464191, "losses/clipfrac": 0.04901123046875, "losses/explained_variance": 0.004028618335723877, "charts/SPS": 505, "_timestamp": 1666592544.9189749, "_runtime": 2.073838949203491, "_step": 1, "global_step": 0, "_wandb": {"runtime": 127}}