{"global_step": 0, "_timestamp": 1666592434.2791417, "_runtime": 1.9722356796264648, "_step": 0, "_wandb": {"runtime": 5}}