{"charts/episodic_ingame_score": 200, "_timestamp": 1666595403.8729072, "_runtime": 418.35006523132324, "_step": 175776, "charts/learning_rate": 0.00024934426229508195, "losses/value_loss": 36.012535095214844, "losses/policy_loss": -0.01105258334428072, "losses/entropy": 1.8702967166900635, "losses/old_approx_kl": 0.01490435004234314, "losses/approx_kl": 0.01490435004234314, "losses/clipfrac": 0.0916717529296875, "losses/explained_variance": 0.1877625584602356, "charts/SPS": 420, "eval/episodic_return": 251.0, "eval/episodic_length": 131}